{
"lengthUnit": "mil",
"components": {
	"fields": ["COMPONENT_NO", "COMPONENT_NAME", "LAYER", "X_COORDINATE", "Y_COORDINATE", "ANGLE"],
	"rows": [
		[1, "C1", "T", 1350, -1120, 0],
		[2, "C2", "T", 1325, -1280, 0],
		[3, "C3", "T", 2010, -840, 0],
		[4, "C4", "T", 2260, -335, 180],
		[5, "C6", "T", 2345, -480, 270],
		[6, "C7", "T", 2725, -920, 180],
		[7, "C10", "T", 2497.73, -1580, 0],
		[8, "C11", "T", 2282.73, -1580, 180],
		[9, "C12", "T", 3412.27, -1755, 0],
		[10, "C13", "T", 3197.27, -1755, 180],
		[11, "C14", "T", 3610, -1370, 0],
		[12, "C15", "T", 3375, -1370, 0],
		[13, "C17", "T", 1950, -955, 0],
		[14, "C18", "T", 975, -1900, 0],
		[15, "C19", "T", 3760, -1690, 0],
		[16, "C20", "T", 2470, -1350, 270],
		[17, "CN1", "T", 1025, -2175, 0],
		[18, "CN2", "T", 5435, -2145, 180],
		[19, "CN3", "T", 5060, -2130, 180],
		[20, "D1", "T", 1145, -1165, 270],
		[21, "D2", "T", 1815, -635, 0],
		[22, "D3", "T", 1805, -310, 0],
		[23, "D4", "T", 2560.86, -1358.34, 90],
		[24, "D5", "T", 3615, -1895, 90],
		[25, "DC1", "T", 390, -1110, 0],
		[26, "F1", "T", 780, -1155, 0],
		[27, "H1", "T", 1167.11, -1547.11, 0],
		[28, "H2", "T", 1167.11, -1662.11, 0],
		[29, "H3", "T", 1167.11, -1777.11, 0],
		[30, "H4", "T", 3491.47, -1185, 0],
		[31, "H5", "T", 1305, -105, 0],
		[32, "L1", "T", 2060, -705, 180],
		[33, "L2", "T", 1910, -465, 90],
		[34, "POWER_LED", "T", 757.11, -1652.11, 90],
		[35, "Q1", "T", 1020, -1155, 0],
		[36, "R1", "T", 1145, -1275, 90],
		[37, "R2", "T", 952.11, -1777.11, 180],
		[38, "R3", "T", 952.11, -1662.11, 180],
		[39, "R4", "T", 952.11, -1547.11, 180],
		[40, "R5", "T", 2264.13, -480.43, 270],
		[41, "R6", "T", 2265, -605, 270],
		[42, "R7", "T", 2194.13, -480.43, 270],
		[43, "R8", "T", 2971.6, -985, 180],
		[44, "R9", "T", 3030, -820, 180],
		[45, "R10", "T", 2970, -914.41, 180],
		[46, "R11", "T", 3625, -1455, 0],
		[47, "R12", "T", 2530, -1230, 0],
		[48, "R13", "T", 3745, -1765, 180],
		[49, "SCREW1", "T", 216.54, -216.54, 0],
		[50, "SCREW2", "T", 4606.3, -2086.61, 0],
		[51, "SCREW3", "T", 216.54, -2086.61, 0],
		[52, "SW1", "T", 260, -1595, 270],
		[53, "TP1", "T", 2680.51, -104.03, 270],
		[54, "TP2", "T", 3056.14, -104.03, 270],
		[55, "TP3", "T", 2961.77, -104.03, 270],
		[56, "TP4", "T", 2867.4, -104.03, 270],
		[57, "TP5", "T", 2773.03, -104.03, 270],
		[58, "TP6", "T", 2583.66, -104.03, 270],
		[59, "U2", "T", 2065, -545, 90],
		[60, "U3", "T", 2865, -710, 0],
		[61, "U4", "T", 2390.16, -1784.74, 0],
		[62, "U5", "T", 3297.43, -1949.74, 0],
		[63, "U6", "T", 2695, -1235, 180],
		[64, "U7", "T", 3760, -1890, 90]
	]
},
"pins": {
	"fields": ["PIN_NO", "PIN_NAME", "PIN_X", "PIN_Y", "LAYER", "PIN_TYPE", "NET_NAME", "NET_TYPE", "PAD_SHAPE", "PAD_SIZEX", "PAD_SIZEY", "HOLE_SIZE", "PAD_ANGLE"],
	"rows": [
		[1, "C1_1", 1284.63, -1120, "T", "SMD", "VCC", "", "R", 110.24, 43.31, 0, 0],
		[2, "C1_2", 1415.38, -1120, "T", "SMD", "GND", "GND", "R", 110.24, 43.31, 0, 0],
		[3, "C2_1", 1284.45, -1280, "T", "SMD", "VCC", "", "R", 55.51, 53.15, 0, 0],
		[4, "C2_2", 1365.55, -1280, "T", "SMD", "GND", "GND", "R", 55.51, 53.15, 0, 0],
		[5, "C3_1", 1947.3, -840, "T", "SMD", "$3N409", "", "R", 58.47, 68.03, 0, 0],
		[6, "C3_2", 2072.7, -840, "T", "SMD", "$3N1933", "", "R", 58.47, 68.03, 0, 0],
		[7, "C4_1", 2322.7, -335, "T", "SMD", "GND", "GND", "R", 58.47, 68.03, 0, 180],
		[8, "C4_2", 2197.3, -335, "T", "SMD", "-22V", "", "R", 58.47, 68.03, 0, 180],
		[9, "C6_1", 2345, -439.45, "T", "SMD", "-22V", "", "R", 55.51, 53.15, 0, 270],
		[10, "C6_2", 2345, -520.55, "T", "SMD", "$3N439", "", "R", 55.51, 53.15, 0, 270],
		[11, "C7_1", 2787.7, -920, "T", "SMD", "-9V", "", "R", 58.47, 68.03, 0, 180],
		[12, "C7_2", 2662.3, -920, "T", "SMD", "GND", "GND", "R", 58.47, 68.03, 0, 180],
		[13, "C10_1", 2435.03, -1580, "T", "SMD", "GND", "GND", "R", 58.47, 68.03, 0, 0],
		[14, "C10_2", 2560.43, -1580, "T", "SMD", "+5V", "", "R", 58.47, 68.03, 0, 0],
		[15, "C11_1", 2345.43, -1580, "T", "SMD", "GND", "GND", "R", 58.47, 68.03, 0, 180],
		[16, "C11_2", 2220.03, -1580, "T", "SMD", "VCC", "", "R", 58.47, 68.03, 0, 180],
		[17, "C12_1", 3349.57, -1755, "T", "SMD", "GND", "GND", "R", 58.47, 68.03, 0, 0],
		[18, "C12_2", 3474.97, -1755, "T", "SMD", "+5V_HDD", "", "R", 58.47, 68.03, 0, 0],
		[19, "C13_1", 3259.97, -1755, "T", "SMD", "GND", "GND", "R", 58.47, 68.03, 0, 180],
		[20, "C13_2", 3134.57, -1755, "T", "SMD", "VCC", "", "R", 58.47, 68.03, 0, 180],
		[21, "C14_1", 3547.3, -1370, "T", "SMD", "GND", "GND", "R", 58.47, 68.03, 0, 0],
		[22, "C14_2", 3672.7, -1370, "T", "SMD", "+12V", "", "R", 58.47, 68.03, 0, 0],
		[23, "C15_1", 3312.3, -1370, "T", "SMD", "GND", "GND", "R", 58.47, 68.03, 0, 0],
		[24, "C15_2", 3437.7, -1370, "T", "SMD", "VCC", "", "R", 58.47, 68.03, 0, 0],
		[25, "C17_1", 1887.3, -955, "T", "SMD", "GND", "GND", "R", 58.47, 68.03, 0, 0],
		[26, "C17_2", 2012.7, -955, "T", "SMD", "+5V", "", "R", 58.47, 68.03, 0, 0],
		[27, "C18_1", 912.3, -1900, "T", "SMD", "$8N620", "", "R", 58.47, 68.03, 0, 0],
		[28, "C18_2", 1037.7, -1900, "T", "SMD", "GND", "GND", "R", 58.47, 68.03, 0, 0],
		[29, "C19_1", 3719.45, -1690, "T", "SMD", "$5N1876", "", "R", 55.51, 53.15, 0, 0],
		[30, "C19_2", 3800.55, -1690, "T", "SMD", "GND", "GND", "R", 55.51, 53.15, 0, 0],
		[31, "C20_1", 2470, -1309.45, "T", "SMD", "$5N1707", "", "R", 55.51, 53.15, 0, 270],
		[32, "C20_2", 2470, -1390.55, "T", "SMD", "GND", "GND", "R", 55.51, 53.15, 0, 270],
		[33, "CN1_1", 591.93, -2175, "T", "DIP", "DATA_1", "", "R", 59.05, 59.05, 39.37, 180],
		[34, "CN1_1", 591.93, -2175, "B", "DIP", "DATA_1", "", "R", 59.05, 59.05, 39.37, 180],
		[35, "CN1_2", 670.67, -2175, "T", "DIP", "DATA_2", "", "C", 59.05, 59.05, 39.37, 180],
		[36, "CN1_2", 670.67, -2175, "B", "DIP", "DATA_2", "", "C", 59.05, 59.05, 39.37, 180],
		[37, "CN1_3", 749.41, -2175, "T", "DIP", "GND", "GND", "C", 59.05, 59.05, 39.37, 180],
		[38, "CN1_3", 749.41, -2175, "B", "DIP", "GND", "GND", "C", 59.05, 59.05, 39.37, 180],
		[39, "CN1_4", 828.15, -2175, "T", "DIP", "GND", "GND", "C", 59.05, 59.05, 39.37, 180],
		[40, "CN1_4", 828.15, -2175, "B", "DIP", "GND", "GND", "C", 59.05, 59.05, 39.37, 180],
		[41, "CN1_5", 906.89, -2175, "T", "DIP", "$8N620", "", "C", 59.05, 59.05, 39.37, 180],
		[42, "CN1_5", 906.89, -2175, "B", "DIP", "$8N620", "", "C", 59.05, 59.05, 39.37, 180],
		[43, "CN1_6", 985.63, -2175, "T", "DIP", "+5V", "", "C", 59.05, 59.05, 39.37, 180],
		[44, "CN1_6", 985.63, -2175, "B", "DIP", "+5V", "", "C", 59.05, 59.05, 39.37, 180],
		[45, "CN1_7", 1064.37, -2175, "T", "DIP", "GND", "GND", "C", 59.05, 59.05, 39.37, 180],
		[46, "CN1_7", 1064.37, -2175, "B", "DIP", "GND", "GND", "C", 59.05, 59.05, 39.37, 180],
		[47, "CN1_8", 1143.11, -2175, "T", "DIP", "+12V", "", "C", 59.05, 59.05, 39.37, 180],
		[48, "CN1_8", 1143.11, -2175, "B", "DIP", "+12V", "", "C", 59.05, 59.05, 39.37, 180],
		[49, "CN1_9", 1221.85, -2175, "T", "DIP", "-9V", "", "C", 59.05, 59.05, 39.37, 180],
		[50, "CN1_9", 1221.85, -2175, "B", "DIP", "-9V", "", "C", 59.05, 59.05, 39.37, 180],
		[51, "CN1_10", 1300.59, -2175, "T", "DIP", "GND", "GND", "C", 59.05, 59.05, 39.37, 180],
		[52, "CN1_10", 1300.59, -2175, "B", "DIP", "GND", "GND", "C", 59.05, 59.05, 39.37, 180],
		[53, "CN1_11", 1379.33, -2175, "T", "DIP", "CN1_11", "", "C", 59.05, 59.05, 39.37, 180],
		[54, "CN1_11", 1379.33, -2175, "B", "DIP", "CN1_11", "", "C", 59.05, 59.05, 39.37, 180],
		[55, "CN1_12", 1458.07, -2175, "T", "DIP", "-22V", "", "C", 59.05, 59.05, 39.37, 180],
		[56, "CN1_12", 1458.07, -2175, "B", "DIP", "-22V", "", "C", 59.05, 59.05, 39.37, 180],
		[57, "CN2_1", 5485, -2145, "T", "DIP", "GND", "GND", "C", 70.87, 70.87, 43.31, 180],
		[58, "CN2_1", 5485, -2145, "B", "DIP", "GND", "GND", "C", 70.87, 70.87, 43.31, 180],
		[59, "CN2_2", 5385, -2145, "T", "DIP", "+5V", "", "C", 70.87, 70.87, 43.31, 180],
		[60, "CN2_2", 5385, -2145, "B", "DIP", "+5V", "", "C", 70.87, 70.87, 43.31, 180],
		[61, "CN3_1", 5210, -2130, "T", "DIP", "GND", "GND", "R", 62.99, 62.99, 41.34, 180],
		[62, "CN3_1", 5210, -2130, "B", "DIP", "GND", "GND", "R", 62.99, 62.99, 41.34, 180],
		[63, "CN3_2", 5110, -2130, "T", "DIP", "+12V", "", "C", 62.99, 62.99, 41.34, 180],
		[64, "CN3_2", 5110, -2130, "B", "DIP", "+12V", "", "C", 62.99, 62.99, 41.34, 180],
		[65, "CN3_3", 5010, -2130, "T", "DIP", "+5V", "", "C", 62.99, 62.99, 41.34, 180],
		[66, "CN3_3", 5010, -2130, "B", "DIP", "+5V", "", "C", 62.99, 62.99, 41.34, 180],
		[67, "CN3_4", 4910, -2130, "T", "DIP", "+5V_HDD", "", "C", 62.99, 62.99, 41.34, 180],
		[68, "CN3_4", 4910, -2130, "B", "DIP", "+5V_HDD", "", "C", 62.99, 62.99, 41.34, 180],
		[69, "D1_1", 1145, -1140, "T", "SMD", "VCC", "", "R", 36.61, 14.17, 0, 90],
		[70, "D1_2", 1145, -1190, "T", "SMD", "$1N438", "", "R", 36.61, 14.17, 0, 90],
		[71, "D2_1", 1714, -635, "T", "SMD", "GND", "GND", "R", 86.61, 66.93, 0, 0],
		[72, "D2_2", 1916, -635, "T", "SMD", "$3N409", "", "R", 86.61, 66.93, 0, 0],
		[73, "D3_1", 1704, -310, "T", "SMD", "GND", "GND", "R", 80.57, 63.78, 0, 0],
		[74, "D3_2", 1906, -310, "T", "SMD", "-22V", "", "R", 80.57, 63.78, 0, 0],
		[75, "D4_1", 2560.86, -1422.71, "T", "SMD", "+5V", "", "R", 35.83, 48.03, 0, 90],
		[76, "D4_2", 2560.86, -1293.96, "T", "SMD", "$5N1707", "", "R", 35.83, 48.03, 0, 90],
		[77, "D5_1", 3615, -1959.37, "T", "SMD", "+5V_HDD", "", "R", 35.83, 48.03, 0, 90],
		[78, "D5_2", 3615, -1830.63, "T", "SMD", "$5N1876", "", "R", 35.83, 48.03, 0, 90],
		[79, "DC1_2", 409.68, -1204.49, "T", "DIP", "GND", "GND", "O", 157.48, 51.18, 137.79, 0],
		[80, "DC1_2", 409.68, -1204.49, "B", "DIP", "GND", "GND", "O", 157.48, 51.18, 137.79, 0],
		[81, "DC1_3", 271.89, -1015.51, "T", "DIP", "GND", "GND", "O", 157.48, 51.18, 137.79, 270],
		[82, "DC1_3", 271.89, -1015.51, "B", "DIP", "GND", "GND", "O", 157.48, 51.18, 137.79, 270],
		[83, "DC1_4", 508.11, -1015.51, "T", "DIP", "$1N3253", "", "O", 157.48, 51.18, 137.79, 90],
		[84, "DC1_4", 508.11, -1015.51, "B", "DIP", "$1N3253", "", "O", 157.48, 51.18, 137.79, 90],
		[85, "F1_1", 723.11, -1155, "T", "SMD", "$1N3257", "", "R", 46.85, 68.03, 0, 0],
		[86, "F1_2", 836.89, -1155, "T", "SMD", "$1N428", "", "R", 46.85, 68.03, 0, 0],
		[87, "H1_1", 1117.11, -1547.11, "T", "DIP", "$1N1057", "", "R", 70.87, 70.87, 39.37, 0],
		[88, "H1_1", 1117.11, -1547.11, "B", "DIP", "$1N1057", "", "R", 70.87, 70.87, 39.37, 0],
		[89, "H1_2", 1217.11, -1547.11, "T", "DIP", "GND", "GND", "C", 70.87, 70.87, 39.37, 0],
		[90, "H1_2", 1217.11, -1547.11, "B", "DIP", "GND", "GND", "C", 70.87, 70.87, 39.37, 0],
		[91, "H2_1", 1117.11, -1662.11, "T", "DIP", "$1N1062", "", "R", 70.87, 70.87, 39.37, 0],
		[92, "H2_1", 1117.11, -1662.11, "B", "DIP", "$1N1062", "", "R", 70.87, 70.87, 39.37, 0],
		[93, "H2_2", 1217.11, -1662.11, "T", "DIP", "GND", "GND", "C", 70.87, 70.87, 39.37, 0],
		[94, "H2_2", 1217.11, -1662.11, "B", "DIP", "GND", "GND", "C", 70.87, 70.87, 39.37, 0],
		[95, "H3_1", 1117.11, -1777.11, "T", "DIP", "$1N1067", "", "R", 70.87, 70.87, 39.37, 0],
		[96, "H3_1", 1117.11, -1777.11, "B", "DIP", "$1N1067", "", "R", 70.87, 70.87, 39.37, 0],
		[97, "H3_2", 1217.11, -1777.11, "T", "DIP", "GND", "GND", "C", 70.87, 70.87, 39.37, 0],
		[98, "H3_2", 1217.11, -1777.11, "B", "DIP", "GND", "GND", "C", 70.87, 70.87, 39.37, 0],
		[99, "H4_1", 3341.47, -1185, "T", "DIP", "GND", "GND", "R", 66.93, 66.93, 43.31, 0],
		[100, "H4_1", 3341.47, -1185, "B", "DIP", "GND", "GND", "R", 66.93, 66.93, 43.31, 0],
		[101, "H4_2", 3441.47, -1185, "T", "DIP", "VCC", "", "C", 66.93, 66.93, 43.31, 0],
		[102, "H4_2", 3441.47, -1185, "B", "DIP", "VCC", "", "C", 66.93, 66.93, 43.31, 0],
		[103, "H4_3", 3541.47, -1185, "T", "DIP", "GND", "GND", "C", 66.93, 66.93, 43.31, 0],
		[104, "H4_3", 3541.47, -1185, "B", "DIP", "GND", "GND", "C", 66.93, 66.93, 43.31, 0],
		[105, "H4_4", 3641.47, -1185, "T", "DIP", "+12V", "", "C", 66.93, 66.93, 43.31, 0],
		[106, "H4_4", 3641.47, -1185, "B", "DIP", "+12V", "", "C", 66.93, 66.93, 43.31, 0],
		[107, "H5_1", 1155, -105, "T", "DIP", "+5V", "", "R", 66.93, 66.93, 43.31, 0],
		[108, "H5_1", 1155, -105, "B", "DIP", "+5V", "", "R", 66.93, 66.93, 43.31, 0],
		[109, "H5_2", 1255, -105, "T", "DIP", "DATA_1", "", "C", 66.93, 66.93, 43.31, 0],
		[110, "H5_2", 1255, -105, "B", "DIP", "DATA_1", "", "C", 66.93, 66.93, 43.31, 0],
		[111, "H5_3", 1355, -105, "T", "DIP", "DATA_2", "", "C", 66.93, 66.93, 43.31, 0],
		[112, "H5_3", 1355, -105, "B", "DIP", "DATA_2", "", "C", 66.93, 66.93, 43.31, 0],
		[113, "H5_4", 1455, -105, "T", "DIP", "GND", "GND", "C", 66.93, 66.93, 43.31, 0],
		[114, "H5_4", 1455, -105, "B", "DIP", "GND", "GND", "C", 66.93, 66.93, 43.31, 0],
		[115, "L1_1", 2008.7, -705, "T", "SMD", "+5V", "", "R", 70.87, 122.84, 0, 180],
		[116, "L1_2", 2111.3, -705, "T", "SMD", "$3N1933", "", "R", 70.87, 122.84, 0, 180],
		[117, "L2_1", 1910, -413.7, "T", "SMD", "-22V", "", "R", 70.87, 122.84, 0, 90],
		[118, "L2_2", 1910, -516.3, "T", "SMD", "$3N409", "", "R", 70.87, 122.84, 0, 90],
		[119, "POWER_LED_1", 757.11, -1575.34, "T", "DIP", "$1N872", "", "C", 39.37, 39.37, 27.56, 90],
		[120, "POWER_LED_1", 757.11, -1575.34, "B", "DIP", "$1N872", "", "C", 39.37, 39.37, 27.56, 90],
		[121, "POWER_LED_2", 757.11, -1626.52, "T", "DIP", "VCC", "", "C", 39.37, 39.37, 27.56, 90],
		[122, "POWER_LED_2", 757.11, -1626.52, "B", "DIP", "VCC", "", "C", 39.37, 39.37, 27.56, 90],
		[123, "POWER_LED_3", 757.11, -1677.7, "T", "DIP", "$1N846", "", "C", 39.37, 39.37, 27.56, 90],
		[124, "POWER_LED_3", 757.11, -1677.7, "B", "DIP", "$1N846", "", "C", 39.37, 39.37, 27.56, 90],
		[125, "POWER_LED_4", 757.11, -1728.88, "T", "DIP", "$1N820", "", "C", 39.37, 39.37, 27.56, 90],
		[126, "POWER_LED_4", 757.11, -1728.88, "B", "DIP", "$1N820", "", "C", 39.37, 39.37, 27.56, 90],
		[127, "Q1_1", 1059.37, -1192.4, "T", "SMD", "$1N438", "", "R", 49.21, 27.56, 0, 0],
		[128, "Q1_2", 1059.37, -1117.6, "T", "SMD", "VCC", "", "R", 49.21, 27.56, 0, 0],
		[129, "Q1_3", 980.63, -1155, "T", "SMD", "$1N428", "", "R", 49.21, 27.56, 0, 0],
		[130, "R1_1", 1145, -1304.66, "T", "SMD", "GND", "GND", "R", 31.75, 34.02, 0, 90],
		[131, "R1_2", 1145, -1245.34, "T", "SMD", "$1N438", "", "R", 31.75, 34.02, 0, 90],
		[132, "R2_1", 981.77, -1777.11, "T", "SMD", "$1N1067", "", "R", 31.75, 34.02, 0, 180],
		[133, "R2_2", 922.45, -1777.11, "T", "SMD", "$1N820", "", "R", 31.75, 34.02, 0, 180],
		[134, "R3_1", 981.77, -1662.11, "T", "SMD", "$1N1062", "", "R", 31.75, 34.02, 0, 180],
		[135, "R3_2", 922.45, -1662.11, "T", "SMD", "$1N846", "", "R", 31.75, 34.02, 0, 180],
		[136, "R4_1", 981.77, -1547.11, "T", "SMD", "$1N1057", "", "R", 31.75, 34.02, 0, 180],
		[137, "R4_2", 922.45, -1547.11, "T", "SMD", "$1N872", "", "R", 31.75, 34.02, 0, 180],
		[138, "R5_1", 2264.13, -450.77, "T", "SMD", "-22V", "", "R", 31.75, 34.02, 0, 270],
		[139, "R5_2", 2264.13, -510.09, "T", "SMD", "$3N439", "", "R", 31.75, 34.02, 0, 270],
		[140, "R6_1", 2265, -575.34, "T", "SMD", "$3N439", "", "R", 31.75, 34.02, 0, 270],
		[141, "R6_2", 2265, -634.66, "T", "SMD", "GND", "GND", "R", 31.75, 34.02, 0, 270],
		[142, "R7_1", 2194.13, -450.77, "T", "SMD", "-22V", "", "R", 31.75, 34.02, 0, 270],
		[143, "R7_2", 2194.13, -510.09, "T", "SMD", "$3N439", "", "R", 31.75, 34.02, 0, 270],
		[144, "R8_1", 3001.26, -985, "T", "SMD", "$4N230", "", "R", 31.75, 34.02, 0, 180],
		[145, "R8_2", 2941.94, -985, "T", "SMD", "-9V", "", "R", 31.75, 34.02, 0, 180],
		[146, "R9_1", 3059.66, -820, "T", "SMD", "GND", "GND", "R", 31.75, 34.02, 0, 180],
		[147, "R9_2", 3000.34, -820, "T", "SMD", "$4N230", "", "R", 31.75, 34.02, 0, 180],
		[148, "R10_1", 2999.66, -914.41, "T", "SMD", "$4N230", "", "R", 31.75, 34.02, 0, 180],
		[149, "R10_2", 2940.34, -914.41, "T", "SMD", "-9V", "", "R", 31.75, 34.02, 0, 180],
		[150, "R11_1", 3595.34, -1455, "T", "SMD", "GND", "GND", "R", 31.75, 34.02, 0, 0],
		[151, "R11_2", 3654.66, -1455, "T", "SMD", "+12V", "", "R", 31.75, 34.02, 0, 0],
		[152, "R12_1", 2500.34, -1230, "T", "SMD", "GND", "GND", "R", 31.75, 34.02, 0, 0],
		[153, "R12_2", 2559.66, -1230, "T", "SMD", "$5N1707", "", "R", 31.75, 34.02, 0, 0],
		[154, "R13_1", 3774.66, -1765, "T", "SMD", "GND", "GND", "R", 31.75, 34.02, 0, 180],
		[155, "R13_2", 3715.34, -1765, "T", "SMD", "$5N1876", "", "R", 31.75, 34.02, 0, 180],
		[156, "SCREW1_1", 216.54, -216.54, "T", "DIP", "SCREW1_1", "", "C", 196.85, 196.85, 196.85, 0],
		[157, "SCREW1_1", 216.54, -216.54, "B", "DIP", "SCREW1_1", "", "C", 196.85, 196.85, 196.85, 0],
		[158, "SCREW2_1", 4606.3, -2086.61, "T", "DIP", "SCREW2_1", "", "C", 196.85, 196.85, 196.85, 0],
		[159, "SCREW2_1", 4606.3, -2086.61, "B", "DIP", "SCREW2_1", "", "C", 196.85, 196.85, 196.85, 0],
		[160, "SCREW3_1", 216.54, -2086.61, "T", "DIP", "SCREW3_1", "", "C", 196.85, 196.85, 196.85, 0],
		[161, "SCREW3_1", 216.54, -2086.61, "B", "DIP", "SCREW3_1", "", "C", 196.85, 196.85, 196.85, 0],
		[162, "SW1_1", 441.1, -1406.02, "T", "DIP", "SW1_1", "", "C", 98.42, 98.42, 70.87, 90],
		[163, "SW1_1", 441.1, -1406.02, "B", "DIP", "SW1_1", "", "C", 98.42, 98.42, 70.87, 90],
		[164, "SW1_2", 441.1, -1595, "T", "DIP", "$1N3253", "", "C", 98.42, 98.42, 70.87, 90],
		[165, "SW1_2", 441.1, -1595, "B", "DIP", "$1N3253", "", "C", 98.42, 98.42, 70.87, 90],
		[166, "SW1_3", 441.1, -1783.98, "T", "DIP", "$1N3257", "", "C", 98.42, 98.42, 70.87, 90],
		[167, "SW1_3", 441.1, -1783.98, "B", "DIP", "$1N3257", "", "C", 98.42, 98.42, 70.87, 90],
		[168, "SW1_4", 78.9, -1856.81, "T", "DIP", "SW1_4", "", "C", 98.42, 98.42, 70.87, 90],
		[169, "SW1_4", 78.9, -1856.81, "B", "DIP", "SW1_4", "", "C", 98.42, 98.42, 70.87, 90],
		[170, "SW1_5", 78.9, -1333.19, "T", "DIP", "SW1_5", "", "C", 98.42, 98.42, 70.87, 90],
		[171, "SW1_5", 78.9, -1333.19, "B", "DIP", "SW1_5", "", "C", 98.42, 98.42, 70.87, 90],
		[172, "TP1_1", 2680.51, -104.03, "T", "SMD", "+5V", "", "C", 78.74, 78.74, 0, 270],
		[173, "TP2_1", 3056.14, -104.03, "T", "SMD", "+5V_HDD", "", "C", 78.74, 78.74, 0, 270],
		[174, "TP3_1", 2961.77, -104.03, "T", "SMD", "+12V", "", "C", 78.74, 78.74, 0, 270],
		[175, "TP4_1", 2867.4, -104.03, "T", "SMD", "-9V", "", "C", 78.74, 78.74, 0, 270],
		[176, "TP5_1", 2773.03, -104.03, "T", "SMD", "-22V", "", "C", 78.74, 78.74, 0, 270],
		[177, "TP6_1", 2583.66, -104.03, "T", "SMD", "GND", "GND", "C", 78.74, 78.74, 0, 270],
		[178, "U2_1", 2110.18, -582.4, "T", "SMD", "$3N1933", "", "R", 20.95, 41.14, 0, 90],
		[179, "U2_2", 2110.18, -545, "T", "SMD", "GND", "GND", "R", 20.95, 41.14, 0, 90],
		[180, "U2_3", 2110.18, -507.6, "T", "SMD", "$3N439", "", "R", 20.95, 41.14, 0, 90],
		[181, "U2_4", 2019.82, -507.6, "T", "SMD", "+5V", "", "R", 20.95, 41.14, 0, 90],
		[182, "U2_5", 2019.82, -582.4, "T", "SMD", "+5V", "", "R", 20.95, 41.14, 0, 90],
		[183, "U3_1", 2790, -819.15, "T", "SMD", "-9V", "", "O", 23.15, 80.51, 0, 0],
		[184, "U3_2", 2840, -819.15, "T", "SMD", "-22V", "", "O", 23.15, 80.51, 0, 0],
		[185, "U3_3", 2890, -819.15, "T", "SMD", "-22V", "", "O", 23.15, 80.51, 0, 0],
		[186, "U3_4", 2940, -819.15, "T", "SMD", "$4N230", "", "O", 23.15, 80.51, 0, 0],
		[187, "U3_5", 2940, -600.85, "T", "SMD", "U3_5", "", "O", 23.15, 80.51, 0, 0],
		[188, "U3_6", 2890, -600.85, "T", "SMD", "-22V", "", "O", 23.15, 80.51, 0, 0],
		[189, "U3_7", 2840, -600.85, "T", "SMD", "-22V", "", "O", 23.15, 80.51, 0, 0],
		[190, "U3_8", 2790, -600.85, "T", "SMD", "U3_8", "", "O", 23.15, 80.51, 0, 0],
		[191, "U4_1", 2290.16, -1784.74, "T", "DIP", "VCC", "", "C", 62.99, 62.99, 39.37, 180],
		[192, "U4_1", 2290.16, -1784.74, "B", "DIP", "VCC", "", "C", 62.99, 62.99, 39.37, 180],
		[193, "U4_2", 2390.16, -1784.74, "T", "DIP", "GND", "GND", "C", 62.99, 62.99, 39.37, 180],
		[194, "U4_2", 2390.16, -1784.74, "B", "DIP", "GND", "GND", "C", 62.99, 62.99, 39.37, 180],
		[195, "U4_3", 2490.16, -1784.74, "T", "DIP", "+5V", "", "C", 62.99, 62.99, 39.37, 180],
		[196, "U4_3", 2490.16, -1784.74, "B", "DIP", "+5V", "", "C", 62.99, 62.99, 39.37, 180],
		[197, "U5_1", 3197.43, -1949.74, "T", "DIP", "VCC", "", "C", 62.99, 62.99, 39.37, 180],
		[198, "U5_1", 3197.43, -1949.74, "B", "DIP", "VCC", "", "C", 62.99, 62.99, 39.37, 180],
		[199, "U5_2", 3297.43, -1949.74, "T", "DIP", "GND", "GND", "C", 62.99, 62.99, 39.37, 180],
		[200, "U5_2", 3297.43, -1949.74, "B", "DIP", "GND", "GND", "C", 62.99, 62.99, 39.37, 180],
		[201, "U5_3", 3397.43, -1949.74, "T", "DIP", "+5V_HDD", "", "C", 62.99, 62.99, 39.37, 180],
		[202, "U5_3", 3397.43, -1949.74, "B", "DIP", "+5V_HDD", "", "C", 62.99, 62.99, 39.37, 180],
		[203, "U6_1", 2641.61, -1175.94, "T", "SMD", "GND", "GND", "R", 62.01, 26.46, 0, 180],
		[204, "U6_2", 2748.39, -1234.99, "T", "SMD", "+5V", "", "P", 211.68, 74.8, 0, 180],
		[205, "U6_3", 2641.61, -1294.05, "T", "SMD", "$5N1707", "", "R", 62.01, 26.46, 0, 180],
		[206, "U7_1", 3819.06, -1836.61, "T", "SMD", "GND", "GND", "R", 62.01, 26.46, 0, 90],
		[207, "U7_2", 3760.01, -1943.39, "T", "SMD", "+5V_HDD", "", "P", 74.8, 211.69, 0, 90],
		[208, "U7_3", 3700.94, -1836.61, "T", "SMD", "$5N1876", "", "R", 62.01, 26.46, 0, 90]
	]
}
}